10410961,ECB disappoints analysts with lack of action,0,random,0
10115649,More funding for home health care,0,random,0
10185828,Coconut Braised Beef Ribs,0,random,0
10831648,Big question marks around CBA's ability to grow profits after third quarter result,0,random,0
10245125,Morrissey returns to stage after collapse,0,random,0
10537176,A scientist stands in the middle of a bee swarm to watch bees engage in spectacular warfare,0,random,0
10363814,Mannering named Warriors' best,0,random,0
11134695,"One in five consumers using buy now, pay later miss payments, but ASIC stops short of imposing new regulation on the sector",0,random,0
11108681,Horrible Histories - Series 3 Episode 9,0,random,0
10276868,Dispute over Polish leader's place of rest,0,random,0
10822198,US and UK ban laptops on flights from Middle East and North Africa,0,random,0
10664298,Tasmania announces $2.2m package to help struggling farmers,0,random,0
11049368,WA euthanasia laws a step closer,0,random,0
10253140,Big land release gets council nod,0,random,0
10802951,"Energy bills in WA to climb $200 in next two years, Australian Energy Market Commission says",0,random,0
10288032,Funeral to be held for fallen soldier,0,random,0
10439478,Neill can fix Sky Blues defence: Farina,0,random,0
11033015,Superorganism destroy and rebuild Hot Chip,0,random,0
10987344,Blair Athol sexual assault suspect wanted over attack on 10yo girl caught on CCTV,0,random,0
10058839,Union urges drugs policy for forestry workers,0,random,0
10673114,Iron ore producers could collapse amid 10-year low: analyst,0,random,0
11025031,Education Minister Dan Tehan discusses NAPLAN and the latest results,0,random,0
10585382,Interview: Johnathan Thurston,0,random,0
10311130,Woman jailed for spitting at policeman,0,random,0
10953380,"Beechboro police shooting victim was well known to officers, says Commissioner",0,random,0
11106529,Andrews again vows to take responsibility for botched hotel quarantine program,0,random,0
10567700,Fight brews over free range chicken farm proposal,0,random,0
11106408,"QLD police charge two, investigates one over allegedly falsifying border declaration",0,random,0
10196649,Victoria's tourism projected to weather downturn,0,random,0
10553874,What can be learnt from the Sydney siege at Martin Place?,0,random,0
10141757,Malaysian opposition calls for end to 'body-snatching',0,random,0
10513629,Brumbies one win away from Super Rugby grand final after 32-30 win qualifying final win over Chiefs,0,random,0
10076859,Brimble's ex-husband accuses police of cover-up,0,random,0
11115883,Peppa Pig - Boomerang,0,random,0
10855790,Is there an alternative to seal relocations?,0,random,0
10635346,"Teenager stabbed outside Sunbury school, north of Melbourne",0,random,0
10339576,Scott continues hot form in Texas,0,random,0
10516285,Charlestown MP among witnesses to give evidence at ICAC,0,random,0
10368339,Prison death inquest hears more evidence,0,random,0
10056984,Father and son score Finke desert win,0,random,0
11152121,Sunrise host Samantha Armytage quits Seven Network breakfast show,0,random,0
10822209,ASX: Australian shares drop steeply on US sell-off,0,random,0
10678823,"Disability 'apartheid' exists in Australia as community 'looks for the wheelchair', MP says",0,random,0
10779141,Lion shot dead after escaping German zoo enclosure,0,random,0
10093983,Council gets vandalism tip-off,0,random,0
10771483,'No more old boys' club': Girls in Tech to launch first Australian chapter,0,random,0
10067505,France treat Makelele like a 'slave': Mourinho,0,random,0
10183189,Burgess takes next step towards spring tour,0,random,0
10898004,Truck crash causes heavy delays on Sydney's M1,0,random,0
10997036,Nick Kyrgios serves underarm on opening point in win over Russia's Daniil Medvedev on clay in Rome,0,random,0
10063675,Wallabies encouraged despite loss,0,random,0
10699396,"Changes to Fiji's Public Accounts Committee not best practice, says PAC expert",0,random,0
10865990,"Fair Work watchdog's case against mushroom farmer 'fundamentally defective', NFF says",0,random,0
10771456,Dean Nalder tries to move on from WA leadership row,0,random,0
10898405,We need to have a conversation about population growth,0,random,0
10659280,"Turning Points, episode 6: Searching for closure, quiet and 'normal'",0,random,0
10460558,The rise of online teen magazines,0,random,0
10779262,Body found in Fingal believed to be missing Launceston man,0,random,0
10651329,Transparency call after fighter jet noise forces closure of child care centres,0,random,0
10582599,Hydrogen peroxide to be used in Adelaide's Torrens Lake to treat algae,0,random,0
10510186,Share market retreats on US rate rise talk,0,random,0
10089843,Big crowd turns out for HMAS Broome commissioning,0,random,0
10325216,Darwin's livable ranking 'embarrassing',0,random,0
10619533,"Friends, Kurdish community offer help to bring back body of Reece Harding",0,random,0
10756475,WA Government admits time has run out to pass priority bills,0,random,0
11024410,Man accused of Colonnades Shopping Centre murder to be assessed for mental competence,0,random,0
10224103,Maroons stand on the 'verge of greatness',0,random,0
11082408,Josh Frydenberg has coughing fit during economic update,0,random,0
11011767,Australia thrashes England by 194 runs to take box seat in Women's Ashes,0,random,0
11140341,Donald Trump has a month left to pardon whoever he wants. Here's who could be on the list,0,random,0
10085829,Ganges dipper,0,random,0
10762902,'We've got to prove to ourselves that we can play in these conditions': no dead rubber for Smith,0,random,0
10834704,Ryan Adams' marathon set reminds us of his brilliance,0,random,0
10266098,Doctors lobby for MRI machine,0,random,0
10721964,Geraldine Brooks returns to Middle East to gather facts for new book,0,random,0
10167993,Autism assessment team announced,0,random,0
10623684,Scott Walker time: a chance for the Republicans to get serious,0,random,0
10873883,"News Corp almost doubles its first-quarter earnings, boosted by REA Group",0,random,0
10429557,Woman dies in NSW central coast surf,0,random,0
10794605,Costa on the importance of bees,0,random,0
10858955,"How Australians think about same-sex marriage, mapped",0,random,0
10590669,"Darwin spearfisherman pats tiger shark, records close encounter",0,random,0
10059678,Lampard ankle knock puts scare through England camp,0,random,0
10731595,RBA will cut cash rate to 1pc ... or lower: JP Morgan,0,random,0
10033062,Time running out for WTO deal,0,random,0
